--GIAOVIEN
INSERT INTO BANG_GIAO_VIEN (MAGV, HOTEN, NGAYSINH, GIOITINH, SODIENTHOAI, EMAIL, KINHNGHIEMGIANGDAY) VALUES
('01', N'Vũ Thị Thu Hà', '1975-01-02', N'Nữ', 0909978901, 'vuthithuha@gmail.com', 3),
('02', N'Nguyễn Thái Hà', '1977-04-12', N'Nam', 0909978902, 'nguythaiha@gmail.com', 3),
('03', N'Trần Thị Hương', '1979-08-24', N'Nữ', 0999167812, 'tranthihuong@gmail.com', 3),
('04', N'Lê Thị Ngọc Minh', '1988-09-28', N'Nữ', 0999267813, 'lethingocminh@gmail.com', 4),
('05', N'Nguyễn Thị Ngọc Ánh', '1999-03-31', N'Nữ', 0909167891, 'nguyenthingocanh@gmail.com', 5),
('06', N'Bùi Ngọc Tân', '1989-07-28', N'Nam', 0990078995, 'buingoctan@gmail.com', 4),
('07', N'Nguyễn Văn Hậu', '1999-05-12', N'Nam', 0867912390, 'nguyenvanhau@gmail.com', 4),
('08', N'Định Văn Tiền', '1995-05-25', N'Nam', 0689078789, 'dinhvantien@gmail.com', 3),
('09', N'Lê Đăng Thì Linh', '1992-09-19', N'Nữ', 0833291257, 'ledanghilinh@gmail.com', 2),
('10', N'Hoàng Bảo Việt', '1998-10-10', N'Nam', 0999776898, 'Hoangbaoviec@gmail.com', 5);

--HOCVIEN
INSERT INTO BANG_HOC_VIEN (MAHOCVIEN, HOTEN, NGAYSINH, GIOITINH, SODIENTHOAI, EMAIL, DIACHI, TRINHDOHOCVAN, MUCTIEUHOCTAP) VALUES
('HV01', N'Đinh Thị Kim Chi', '2001-03-31', N'Nữ', 0234568901, 'dinhthikimchi@gmail.com', N'Trà Vinh', N'Tốt nghiệp THPT', N'Giao tiếp tiếng Anh cơ bản'),
('HV02', N'Bùi Thị Thì Dung', '2002-05-19', N'Nữ', 0345598902, 'buithithidung@gmail.com', N'Trà Vinh', N'Đại học', N'Giao tiếp tiếng Anh nâng cao'),
('HV03', N'Bùi Cai Nam', '1991-09-10', N'Nam', 0451267840, 'buicainam@gmail.com', N'Trà Vinh', N'Cao học', N'Giao tiếp tiếng Nhật cơ bản'),
('HV04', N'Bùi Thị Hồng Hà', '2000-02-05', N'Nữ', 0678966775, 'buithihonhha@gmail.com', N'Trà Vinh', N'Trung học phổ thông', N'Giao tiếp tiếng Nhật nâng cao'),
('HV05', N'Đăng Thị Diệu Hằng', '2000-09-15', N'Nữ', 0987687989, 'dangthidieuhang@gmail.com', N'Trà Vinh', N'Đại học', N'Giao tiếp tiếng Pháp cơ bản'),
('HV06', N'Cao Thanh Huy', '2001-03-28', N'Nam', 0246731202, 'caothanhhuy@gmail.com', N'Bến Tre', N'Cao học', N'Giao tiếp tiếng Pháp nâng cao'),
('HV07', N'Cao Thị Phương Hoa', '1998-08-25', N'Nữ', 0128956459, 'caothiphuonghoa@gmail.com', N'Bến Tre', N'Trung học phổ thông', N'Giao tiếp tiếng Hàn cơ bản'),
('HV08', N'Trần Văn Nam', '2000-09-21', N'Nam', 0112298056, 'tranvannam@gmail.com', N'Bến Tre', N'Đại học', N'Giao tiếp tiếng Hàn nâng cao'),
('HV09', N'Lê Thị Vân Anh', '2001-04-19', N'Nữ', 0678912459, 'lethivananh@gmail.com', N'Sóc Trăng', N'Cao học', N'Giao tiếp tiếng Hoa cơ bản'),
('HV10', N'Định Văn Công', '2000-01-27', N'Nam', 0999018991, 'dinhvancong@gmail.com', N'Sóc Trăng', N'Trung học phổ thông', N'Giao tiếp tiếng Đức cơ bản'),
('HV11', N'Lê Văn Phát', '1999-09-12', N'Nam', 0456798989, 'levanphat@gmail.com', N'Sóc Trăng', N'Đại học', N'Giao tiếp tiếng Anh cơ bản'),
('HV12', N'Hà Thị Thì Dung', '1999-06-14', N'Nữ', 0666656459, 'hathithidung@gmail.com', N'Sóc Trăng', N'Đại học', N'Giao tiếp tiếng Anh nâng cao'),
('HV13', N'Đinh Thị Kim Dung', '2000-09-15', N'Nữ', 0234568902, 'dinhthikimdung@gmail.com', N'Trà Vinh', N'Đại học', N'Giao tiếp tiếng Nhật cơ bản'),
('HV14', N'Bùi Thị Thì Chi', '2001-03-28', N'Nữ', 0345598903, 'buithithichi@gmail.com', N'Trà Vinh', N'Cao học', N'Giao tiếp tiếng Nhật nâng cao'),
('HV15', N'Bùi Cai Hòa', '1998-08-25', N'Nam', 0451267841, 'buicaihoa@gmail.com', N'Trà Vinh', N'Trung học phổ thông', N'Giao tiếp tiếng Pháp cơ bản'),
('HV16', N'Bùi Thị Hà', '2000-09-21', N'Nữ', 0678966776, 'buithiha@gmail.com', N'Trà Vinh', N'Đại học', N'Giao tiếp tiếng Pháp nâng cao'),
('HV17', N'Đăng Thị Diệu Hân', '2001-04-19', N'Nữ', 0987687999, 'dangthidieuhan@gmail.com', N'Trà Vinh', N'Cao học', N'Giao tiếp tiếng Hàn cơ bản'),
('HV18', N'Cao Thanh Duy', '2000-01-27', N'Nam', 0246731203, 'caothanhduy@gmail.com', N'Bến Tre', N'Trung học phổ thông', N'Giao tiếp tiếng Hàn nâng cao'),
('HV19', N'Cao Thị Phương Ngọc', '1999-09-12', N'Nữ', 0128956499, 'caothiphuongngoc@gmail.com', N'Bến Tre', N'Đại học', N'Giao tiếp tiếng Hoa cơ bản'),
('HV20', N'Trần Văn Minh', '1999-06-14', N'Nam', 0112298057, 'tranvanminh@gmail.com', N'Bến Tre', N'Đại học', N'Giao tiếp tiếng Đức cơ bản');

--CHUYENMON
INSERT INTO BANG_CHUYEN_MON (MACHUYENMON, TENCHUYENMON)
VALUES
    ('1001', N'Tiếng Đức'),
    ('1002', N'Tiếng Nhật'),
    ('1003', N'Tiếng Anh'),
    ('1004', N'Tiếng Pháp'),
    ('1005', N'Tiếng Hàn'),
    ('1006', N'Tiếng Trung');

--LICHDAYHOC
INSERT INTO BANG_LICH_DAY_HOC (MALICHDAY, MAGV, NGAYDAY, THOIGIANBATDAU, THOIGIANKETTHUC, NOIDUNGGIANGDAY)
VALUES
('LD01', '01', '2024-08-01', '18:00:00', '20:15:00', N'Tiếng Anh'),
('LD02', '02', '2024-08-08', '18:00:00', '20:15:00', N'Tiếng Anh'),
('LD03', '03', '2024-08-15', '18:00:00', '20:15:00', N'Tiếng Nhật'),
('LD04', '04', '2024-08-17', '18:00:00', '20:15:00', N'Tiếng Nhật'),
('LD05', '05', '2024-08-19', '18:00:00', '20:15:00', N'Tiếng Pháp'),
('LD06', '06', '2024-08-22', '18:00:00', '20:15:00', N'Tiếng Pháp'),
('LD07', '07', '2024-08-25', '18:00:00', '20:15:00', N'Tiếng Hàn'),
('LD08', '08', '2024-08-27', '18:00:00', '20:15:00', N'Tiếng Hàn'),
('LD09', '09', '2024-08-29', '18:00:00', '20:15:00', N'Tiếng Trung'),
('LD10', '10', '2024-08-31', '18:00:00', '20:15:00', N'Tiếng Đức');

--LOPHOC
INSERT INTO BANG_LOP_HOC (MALOPHOC, TENLOP, TRINHDO, SOLUONGHOCVIEN)
VALUES
    ('LH01', N'Tiếng Anh giao tiếp cơ bản', N'Mới bắt đầu', 20),
    ('LH02', N'Tiếng Anh giao tiếp nâng cao', N'Nâng cao', 20),
    ('LH03', N'Tiếng Nhật giao tiếp cơ bản', N'Mới bắt đầu', 20),
    ('LH04', N'Tiếng Nhật giao tiếp nâng cao', N'Nâng cao', 20),
    ('LH05', N'Tiếng Pháp giao tiếp cơ bản', N'Mới bắt đầu', 20),
    ('LH06', N'Tiếng Pháp giao tiếp nâng cao', N'Nâng cao', 20),
    ('LH07', N'Tiếng Hàn giao tiếp cơ bản', N'Mới bắt đầu', 20),
    ('LH08', N'Tiếng Hàn giao tiếp nâng cao', N'Nâng cao', 20),
    ('LH09', N'Tiếng Hoa giao tiếp cơ bản', N'Mới bắt đầu', 20),
    ('LH10', N'Tiếng Đức giao tiếp cơ bản', N'Nâng cao', 20);

--KHOAHOC
INSERT INTO BANG_KHOA_HOC (MAKHOAHOC, TENKHOAHOC, TRINHDODAUVAO, TRINHDODAURA, HOCPHI, MOTA)
VALUES
    ('ANH01', N'Tiếng Anh giao tiếp cơ bản', N'Mới bắt đầu', 'A1', '1.500.000', N'Khóa học dành cho học viên chưa có kiến thức tiếng Anh hoặc có ít kiến thức cơ bản.'),
    ('ANH02', N'Tiếng Anh giao tiếp nâng cao', 'A1', 'A2', '2.000.000', N'Khóa học dành cho học viên đã có kiến thức tiếng Anh cơ bản.'),
    ('NHAT01', N'Tiếng Nhật giao tiếp cơ bản', N'Mới bắt đầu', 'N5', '1.800.000', N'Khóa học dành cho học viên chưa có kiến thức tiếng Nhật hoặc có ít kiến thức cơ bản.'),
    ('NHAT02', N'Tiếng Nhật giao tiếp nâng cao', 'N5', 'N4', '2.300.000', N'Khóa học dành cho học viên đã có kiến thức tiếng Nhật cơ bản.'),
    ('PHAP01', N'Tiếng Pháp giao tiếp cơ bản', N'Mới bắt đầu', 'P1', '1.700.000', N'Khóa học dành cho học viên chưa có kiến thức tiếng Pháp hoặc có ít kiến thức cơ bản.'),
    ('PHAP02', N'Tiếng Pháp giao tiếp nâng cao', 'P1', 'P2', '2.200.000', N'Khóa học dành cho học viên đã có kiến thức tiếng Pháp cơ bản.'),
    ('HAN01', N'Tiếng Hàn giao tiếp cơ bản', N'Mới bắt đầu', 'TOPIK 1', '1.600.000', 'Khóa học dành cho học viên chưa có kiến thức tiếng Hàn hoặc có ít kiến thức cơ bản.'),
    ('HAN02', N'Tiếng Hàn giao tiếp nâng cao', 'TOPIK 1', 'TOPIK 2', '2.100.000', N'Khóa học dành cho học viên đã có kiến thức tiếng Hàn cơ bản.'),
    ('HOA01', N'Tiếng Hoa giao tiếp cơ bản', N'Mới bắt đầu', 'HSK 1', '1.900.000', N'Khóa học dành cho học viên chưa có kiến thức tiếng Hoa hoặc có ít kiến thức cơ bản.'),
    ('DUC01', N'Tiếng Đức giao tiếp cơ bản', N'Mới bắt đầu', 'D01', '1.800.000', N'Khóa học dành cho học viên chưa có kiến thức tiếng Đức hoặc có ít kiến thức cơ bản.');
--PHONGHOC
INSERT INTO BANG_PHONG_HOC (MAPHONGHOC, TENPHONG, DIENTICH, SOLUONGCHONGOI, TRANGTHIETBI)
VALUES
    ('PH01', N'Phòng A1', '40', 30, N'Máy chiếu, bảng trắng, máy lạnh, quạt máy, loa'),
    ('PH02', N'Phòng A2', '40', 30, N'Máy chiếu, bảng trắng, máy lạnh, quạt máy'),
    ('PH03', N'Phòng B1', '60', 40, N'Máy chiếu, bảng trắng, máy lạnh, quạt máy, loa, máy tính'),
    ('PH04', N'Phòng B2', '50', 35, N'Máy chiếu, bảng trắng, máy lạnh, quạt máy'),
    ('PH05', N'Phòng C1', '40', 30, N'Máy chiếu, bảng trắng, máy lạnh, quạt máy'),
    ('PH06', N'Phòng C2', '60', 40, N'Máy chiếu, bảng trắng, máy lạnh, quạt máy, loa, máy tính');
--LICHHOC
INSERT INTO BANG_LICH_HOC (MALICHHOC, MAPHONGHOC, MALOPHOC, NGAYHOC, THOIGIANBATDAU, THOIGIANKETTHUC)
VALUES
('L01', 'PH01', 'LH01', '2024-08-01', '18:00:00', '20:15:00'),
('L02', 'PH02', 'LH02', '2024-08-08', '18:00:00', '20:15:00'),
('L03', 'PH03', 'LH03', '2024-08-15', '18:00:00', '20:15:00'),
('L04', 'PH04', 'LH04', '2024-08-17', '18:00:00', '20:15:00'),
('L05', 'PH05', 'LH05', '2024-08-19', '18:00:00', '20:15:00'),
('L06', 'PH06', 'LH06', '2024-08-22', '18:00:00', '20:15:00'),
('L07', 'PH01', 'LH07', '2024-08-25', '18:00:00', '20:15:00'),
('L08', 'PH02', 'LH08', '2024-08-27', '18:00:00', '20:15:00'),
('L09', 'PH03', 'LH09', '2024-08-29', '18:00:00', '20:15:00'),
('L10', 'PH04', 'LH10', '2024-08-31', '18:00:00', '20:15:00');

--TAILIEUHOCTAP
INSERT INTO BANG_TAI_LIEU_HOC_TAP (MATAILIEU, TENTAILIEU, LOAITAILIEU)
VALUES
    ('TL01', N'Sách giáo khoa Tiếng Anh giao tiếp cơ bản', N'Sách giáo khoa'),
    ('TL02', N'Sách giáo khoa Tiếng Anh nâng cao', N'Sách giáo khoa'),
    ('TL03', N'Sách giáo khoa Tiếng Nhật giao tiếp cơ bản', N'Sách giáo khoa'),
    ('TL04', N'Bài giảng tiếng Nhật giao tiếp nâng cao', N'Sách giáo khoa'),
    ('TL05', N'Sách giáo khoa Tiếng Pháp giao tiếp cơ bản', N'Sách giáo khoa'),
    ('TL06', N'Sách giáo khoa Tiếng Pháp nâng cao', N'Sách giáo khoa'),
    ('TL07', N'Sách giáo khoa Tiếng Hàn giao tiếp cơ bản', N'Sách giáo khoa'),
    ('TL08', N'1000 câu giao tiếp tiếng Hàn thông dụng', N'Sách học'),
    ('TL09', N'Sách giáo khoa Tiếng Trung giao tiếp cơ bản', N'Sách giáo khoa'),
    ('TL10', N'Sách giáo khoa Tiếng Đức giao tiếp cơ bản', N'Sách giáo khoa'),
    ('TL11', N'Từ điển Anh - Việt', N'Từ điển'),
    ('TL12', N'Tài liệu luyện thi HSK 1', N'Tài liệu luyện thi'),
    ('TL13', N'Tài liệu ôn thi IELTS', N'Tài liệu ôn thi');
--CHYENMON

INSERT INTO CHUYENMON (MAGV, MACHUYENMON)
VALUES
    ('01', '1001'),
    ('02', '1001'),
    ('03', '1002'),
    ('04', '1002'),
    ('05', '1003'),
    ('06', '1003'),
    ('07', '1004'),
    ('08', '1004'),
    ('09', '1005'),
    ('10', '1005');

--GIANGDAY
INSERT INTO GIANGDAY (MALOPHOC, MAGV) VALUES
('LH01', '01'),
('LH02', '02'),
('LH03', '03'),
('LH04', '04'),
('LH05', '05'),
('LH06', '06'),
('LH07', '07'),
('LH08', '08'),
('LH09', '09'),
('LH10', '10');
--DANGKY
INSERT INTO DANGKY (MAHOCVIEN, MAKHOAHOC) VALUES
('HV01', 'ANH01'),
('HV02', 'ANH02'),
('HV03', 'NHAT01'),
('HV04', 'NHAT02'),
('HV05', 'PHAP01'),
('HV06', 'PHAP02'),
('HV07', 'HAN01'),
('HV08', 'HAN02'),
('HV09', 'HOA01'),
('HV10', 'DUC01'),
('HV11', 'ANH01'),
('HV12', 'ANH02'),
('HV13', 'NHAT01'),
('HV14', 'NHAT02'),
('HV15', 'PHAP01'),
('HV16', 'PHAP02'),
('HV17', 'HAN01'),
('HV18', 'HAN02'),
('HV19', 'HOA01'),
('HV20', 'DUC01');

--LOPHOC
INSERT INTO LOPHOC (MALOPHOC, MAKHOAHOC) VALUES
('LH01', 'ANH01'),
('LH02', 'ANH02'),
('LH03', 'NHAT01'),
('LH04', 'NHAT02'),
('LH05', 'PHAP01'),
('LH06', 'PHAP02'),
('LH07', 'HAN01'),
('LH08', 'HAN02'),
('LH09', 'HOA01'),
('LH10', 'DUC01');

--TAILIEU
INSERT INTO TAILIEU (MATAILIEU, MAKHOAHOC) VALUES
('TL01', 'ANH01'),
('TL02', 'ANH02'),
('TL03', 'NHAT01'),
('TL04', 'NHAT02'),
('TL05', 'PHAP01'),
('TL06', 'PHAP02'),
('TL07', 'HAN01'),
('TL08', 'HAN02'),
('TL09', 'HOA01'),
('TL10', 'DUC01');

--PHONGDAYHOC
INSERT INTO PHONGDAYHOC (MALICHDAY, MAPHONGHOC) VALUES
('LD01', 'PH01'),
('LD02', 'PH02'),
('LD03', 'PH03'),
('LD04', 'PH04'),
('LD05', 'PH05'),
('LD06', 'PH06'),
('LD07', 'PH01'),
('LD08', 'PH02'),
('LD09', 'PH03'),
('LD10', 'PH04');
